file,fund_name,ticker
statestreet_XLC_statutory_2026-01-31.pdf,State Street® Communication Services Select Sector SPDR® ETF,XLC
statestreet_XLC_statutory_2026-01-31.pdf,State Street® Technology Select Sector SPDR® ETF,XLK
statestreet_XLC_statutory_2026-01-31.pdf,State Street® Utilities Select Sector SPDR® ETF,XLU
statestreet_XLK_summary_2026-01-31.pdf,State Street® Technology Select Sector SPDR® ETF,XLK
blackrock_IVV_summary_2026-07-31.pdf,iShares Core S&P 500 ETF,IVV
blackrock_IVV_statutory_2026-07-31.pdf,iShares Core S&P 500 ETF,IVV
vanguard_VWELX_summary_2026-03-27.pdf,Vanguard Wellington™ Fund,VWELX
vanguard_VWELX_statutory_2026-03-27.pdf,Vanguard Wellington™ Fund,VWELX
troweprice_TRBCX_summary_2026-03-01.pdf,T. Rowe Price Blue Chip Growth Fund,TRBCX
troweprice_TRBCX_summary_2025-03-01.pdf,T. Rowe Price Blue Chip Growth Fund,TRBCX
dodgcox_DODGX_summary_2026-05-01.pdf,Dodge & Cox Stock Fund,DODGX
dodgcox_DODGX_statutory_2025-05-01.pdf,Dodge & Cox Stock Fund,DODGX
davis_NYVTX_summary_2025-12-01.pdf,Davis New York Venture Fund,NYVTX
artisan_ARTMX_summary_2026-02-01.pdf,Artisan Mid Cap Fund,ARTMX
artisan_ARTMX_statutory_2026-02-01.pdf,Artisan Mid Cap Fund,ARTMX
