file,doc_date,fund,share_class,field,period,value,status,confidence,abstained,page,raw_value,inception_date,llm_conf,check,grounded
artisan_ARTMX_statutory_2026-02-01.pdf,2026-08-31,ARTMX,advisor,fee_waiver,current,0.0,reported,0.975,False,,,,,,
artisan_ARTMX_statutory_2026-02-01.pdf,2026-08-31,ARTMX,institutional,fee_waiver,current,0.0,reported,0.975,False,,,,,,
artisan_ARTMX_statutory_2026-02-01.pdf,2026-08-31,ARTMX,investor,fee_waiver,current,0.0,reported,0.975,False,,,,,,
artisan_ARTMX_statutory_2026-02-01.pdf,2026-08-31,ARTMX,advisor,gross_expense_ratio,current,1.07,reported,0.975,False,82,1.07,,0.95,1.0,True
artisan_ARTMX_statutory_2026-02-01.pdf,2026-08-31,ARTMX,institutional,gross_expense_ratio,current,0.98,reported,0.975,False,82,0.98,,0.95,1.0,True
artisan_ARTMX_statutory_2026-02-01.pdf,2026-08-31,ARTMX,investor,gross_expense_ratio,current,1.21,reported,0.975,False,82,1.21,,0.95,1.0,True
artisan_ARTMX_statutory_2026-02-01.pdf,2026-08-31,ARTMX,advisor,net_expense_ratio,current,1.07,reported,0.975,False,82,1.07,,0.95,1.0,True
artisan_ARTMX_statutory_2026-02-01.pdf,2026-08-31,ARTMX,institutional,net_expense_ratio,current,0.98,reported,0.975,False,82,0.98,,0.95,1.0,True
artisan_ARTMX_statutory_2026-02-01.pdf,2026-08-31,ARTMX,investor,net_expense_ratio,current,1.21,reported,0.975,False,82,1.21,,0.95,1.0,True
artisan_ARTMX_statutory_2026-02-01.pdf,2026-08-31,ARTMX,advisor,total_return_before_tax,10y@2025-12-31,10.97,reported,0.975,False,85,10.97%,,0.95,1.0,True
artisan_ARTMX_statutory_2026-02-01.pdf,2026-08-31,ARTMX,advisor,total_return_before_tax,1y@2025-12-31,14.91,reported,0.975,False,85,14.91%,,0.95,1.0,True
artisan_ARTMX_statutory_2026-02-01.pdf,2026-08-31,ARTMX,advisor,total_return_before_tax,5y@2025-12-31,2.26,reported,0.975,False,85,2.26%,,0.95,1.0,True
artisan_ARTMX_statutory_2026-02-01.pdf,2026-08-31,ARTMX,advisor,total_return_before_tax,since_inception@2025-12-31,10.08,reported,0.975,False,85,10.08%,2015-04-01,0.95,1.0,True
artisan_ARTMX_statutory_2026-02-01.pdf,2026-08-31,ARTMX,institutional,total_return_before_tax,10y@2025-12-31,11.07,reported,0.975,False,85,11.07%,,0.95,1.0,True
artisan_ARTMX_statutory_2026-02-01.pdf,2026-08-31,ARTMX,institutional,total_return_before_tax,1y@2025-12-31,15.04,reported,0.975,False,85,15.04%,,0.95,1.0,True
artisan_ARTMX_statutory_2026-02-01.pdf,2026-08-31,ARTMX,institutional,total_return_before_tax,5y@2025-12-31,2.36,reported,0.975,False,85,2.36%,,0.95,1.0,True
artisan_ARTMX_statutory_2026-02-01.pdf,2026-08-31,ARTMX,institutional,total_return_before_tax,since_inception@2025-12-31,9.08,reported,0.975,False,85,9.08%,2000-07-01,0.95,1.0,True
artisan_ARTMX_statutory_2026-02-01.pdf,2026-08-31,ARTMX,investor,total_return_before_tax,10y@2025-12-31,10.81,reported,0.975,False,85,10.81%,,0.95,1.0,True
artisan_ARTMX_statutory_2026-02-01.pdf,2026-08-31,ARTMX,investor,total_return_before_tax,1y@2025-12-31,14.75,reported,0.975,False,85,14.75%,,0.95,1.0,True
artisan_ARTMX_statutory_2026-02-01.pdf,2026-08-31,ARTMX,investor,total_return_before_tax,5y@2025-12-31,2.12,reported,0.975,False,85,2.12%,,0.95,1.0,True
artisan_ARTMX_statutory_2026-02-01.pdf,2026-08-31,ARTMX,investor,total_return_before_tax,since_inception@2025-12-31,12.62,reported,0.975,False,85,12.62%,1997-06-27,0.95,1.0,True
artisan_ARTMX_summary_2026-02-01.pdf,2026-06-30,ARTMX,advisor,fee_waiver,current,0.0,reported,0.975,False,,,,,,
artisan_ARTMX_summary_2026-02-01.pdf,2026-06-30,ARTMX,institutional,fee_waiver,current,0.0,reported,0.975,False,,,,,,
artisan_ARTMX_summary_2026-02-01.pdf,2026-06-30,ARTMX,investor,fee_waiver,current,0.0,reported,0.975,False,,,,,,
artisan_ARTMX_summary_2026-02-01.pdf,2026-06-30,ARTMX,advisor,gross_expense_ratio,current,1.07,reported,0.975,False,2,1.07,,0.95,1.0,True
artisan_ARTMX_summary_2026-02-01.pdf,2026-06-30,ARTMX,institutional,gross_expense_ratio,current,0.98,reported,0.975,False,2,0.98,,0.95,1.0,True
artisan_ARTMX_summary_2026-02-01.pdf,2026-06-30,ARTMX,investor,gross_expense_ratio,current,1.21,reported,0.975,False,2,1.21,,0.95,1.0,True
artisan_ARTMX_summary_2026-02-01.pdf,2026-06-30,ARTMX,advisor,net_expense_ratio,current,1.07,reported,0.975,False,2,1.07,,0.95,1.0,True
artisan_ARTMX_summary_2026-02-01.pdf,2026-06-30,ARTMX,institutional,net_expense_ratio,current,0.98,reported,0.975,False,2,0.98,,0.95,1.0,True
artisan_ARTMX_summary_2026-02-01.pdf,2026-06-30,ARTMX,investor,net_expense_ratio,current,1.21,reported,0.975,False,2,1.21,,0.95,1.0,True
artisan_ARTMX_summary_2026-02-01.pdf,2026-06-30,ARTMX,advisor,total_return_before_tax,10y@2025-12-31,10.97,reported,0.975,False,5,10.97%,,0.95,1.0,True
artisan_ARTMX_summary_2026-02-01.pdf,2026-06-30,ARTMX,advisor,total_return_before_tax,1y@2025-12-31,14.91,reported,0.975,False,5,14.91%,,0.95,1.0,True
artisan_ARTMX_summary_2026-02-01.pdf,2026-06-30,ARTMX,advisor,total_return_before_tax,5y@2025-12-31,2.26,reported,0.975,False,5,2.26%,,0.95,1.0,True
artisan_ARTMX_summary_2026-02-01.pdf,2026-06-30,ARTMX,advisor,total_return_before_tax,since_inception@2025-12-31,10.08,reported,0.975,False,5,10.08%,2015-04-01,0.95,1.0,True
artisan_ARTMX_summary_2026-02-01.pdf,2026-06-30,ARTMX,institutional,total_return_before_tax,10y@2025-12-31,11.07,reported,0.975,False,5,11.07%,,0.95,1.0,True
artisan_ARTMX_summary_2026-02-01.pdf,2026-06-30,ARTMX,institutional,total_return_before_tax,1y@2025-12-31,15.04,reported,0.975,False,5,15.04%,,0.95,1.0,True
artisan_ARTMX_summary_2026-02-01.pdf,2026-06-30,ARTMX,institutional,total_return_before_tax,5y@2025-12-31,2.36,reported,0.975,False,5,2.36%,,0.95,1.0,True
artisan_ARTMX_summary_2026-02-01.pdf,2026-06-30,ARTMX,institutional,total_return_before_tax,since_inception@2025-12-31,9.08,reported,0.975,False,5,9.08%,2000-07-01,0.95,1.0,True
artisan_ARTMX_summary_2026-02-01.pdf,2026-06-30,ARTMX,investor,total_return_before_tax,10y@2025-12-31,10.81,reported,0.975,False,5,10.81%,,0.95,1.0,True
artisan_ARTMX_summary_2026-02-01.pdf,2026-06-30,ARTMX,investor,total_return_before_tax,1y@2025-12-31,14.75,reported,0.975,False,5,14.75%,,0.95,1.0,True
artisan_ARTMX_summary_2026-02-01.pdf,2026-06-30,ARTMX,investor,total_return_before_tax,5y@2025-12-31,2.12,reported,0.975,False,5,2.12%,,0.95,1.0,True
artisan_ARTMX_summary_2026-02-01.pdf,2026-06-30,ARTMX,investor,total_return_before_tax,since_inception@2025-12-31,12.62,reported,0.975,False,5,12.62%,1997-06-27,0.95,1.0,True
dodgcox_DODGX_statutory_2025-05-01.pdf,2025-05-01,DODGX,i,fee_waiver,current,0.0,reported,0.965,False,,,,,,
dodgcox_DODGX_statutory_2025-05-01.pdf,2025-05-01,DODGX,x,fee_waiver,current,0.05,reported,0.965,False,,,,,,
dodgcox_DODGX_statutory_2025-05-01.pdf,2025-05-01,DODGX,i,gross_expense_ratio,current,0.51,reported,0.975,False,3,0.51%,,0.95,1.0,True
dodgcox_DODGX_statutory_2025-05-01.pdf,2025-05-01,DODGX,x,gross_expense_ratio,current,0.46,reported,0.975,False,3,0.46%,,0.95,1.0,True
dodgcox_DODGX_statutory_2025-05-01.pdf,2025-05-01,DODGX,i,net_expense_ratio,current,0.51,reported,0.965,False,3,0.51%,,0.93,1.0,True
dodgcox_DODGX_statutory_2025-05-01.pdf,2025-05-01,DODGX,x,net_expense_ratio,current,0.41,reported,0.965,False,3,0.41%,,0.93,1.0,True
dodgcox_DODGX_statutory_2025-05-01.pdf,2025-05-01,DODGX,i,total_return_before_tax,10y@2024-12-31,10.85,reported,0.975,False,4,10.85%,,0.95,1.0,True
dodgcox_DODGX_statutory_2025-05-01.pdf,2025-05-01,DODGX,i,total_return_before_tax,1y@2024-12-31,14.52,reported,0.975,False,4,14.52%,,0.95,1.0,True
dodgcox_DODGX_statutory_2025-05-01.pdf,2025-05-01,DODGX,i,total_return_before_tax,5y@2024-12-31,11.99,reported,0.975,False,4,11.99%,,0.95,1.0,True
dodgcox_DODGX_statutory_2025-05-01.pdf,2025-05-01,DODGX,x,total_return_before_tax,10y@2024-12-31,10.88,reported,0.965,False,4,10.88,,0.93,1.0,True
dodgcox_DODGX_statutory_2025-05-01.pdf,2025-05-01,DODGX,x,total_return_before_tax,1y@2024-12-31,14.63,reported,0.965,False,4,14.63,,0.93,1.0,True
dodgcox_DODGX_statutory_2025-05-01.pdf,2025-05-01,DODGX,x,total_return_before_tax,5y@2024-12-31,12.04,reported,0.965,False,4,12.04,,0.93,1.0,True
dodgcox_DODGX_summary_2026-05-01.pdf,2026-05-01,DODGX,i,fee_waiver,current,0.0,reported,0.975,False,,,,,,
dodgcox_DODGX_summary_2026-05-01.pdf,2026-05-01,DODGX,x,fee_waiver,current,0.05,reported,0.975,False,,,,,,
dodgcox_DODGX_summary_2026-05-01.pdf,2026-05-01,DODGX,i,gross_expense_ratio,current,0.51,reported,0.975,False,2,0.51%,,0.95,1.0,True
dodgcox_DODGX_summary_2026-05-01.pdf,2026-05-01,DODGX,x,gross_expense_ratio,current,0.46,reported,0.975,False,2,0.46%,,0.95,1.0,True
dodgcox_DODGX_summary_2026-05-01.pdf,2026-05-01,DODGX,i,net_expense_ratio,current,0.51,reported,0.975,False,2,0.51%,,0.95,1.0,True
dodgcox_DODGX_summary_2026-05-01.pdf,2026-05-01,DODGX,x,net_expense_ratio,current,0.41,reported,0.975,False,2,0.41%,,0.95,1.0,True
dodgcox_DODGX_summary_2026-05-01.pdf,2026-05-01,DODGX,i,total_return_before_tax,10y@2025-12-31,12.79,reported,0.975,False,4,12.79%,,0.95,1.0,True
dodgcox_DODGX_summary_2026-05-01.pdf,2026-05-01,DODGX,i,total_return_before_tax,1y@2025-12-31,13.66,reported,0.975,False,4,13.66%,,0.95,1.0,True
dodgcox_DODGX_summary_2026-05-01.pdf,2026-05-01,DODGX,i,total_return_before_tax,5y@2025-12-31,13.31,reported,0.975,False,4,13.31%,,0.95,1.0,True
dodgcox_DODGX_summary_2026-05-01.pdf,2026-05-01,DODGX,x,total_return_before_tax,10y@2025-12-31,12.84,reported,0.975,False,4,12.84,,0.95,1.0,True
dodgcox_DODGX_summary_2026-05-01.pdf,2026-05-01,DODGX,x,total_return_before_tax,1y@2025-12-31,13.77,reported,0.975,False,4,13.77,,0.95,1.0,True
dodgcox_DODGX_summary_2026-05-01.pdf,2026-05-01,DODGX,x,total_return_before_tax,5y@2025-12-31,13.4,reported,0.975,False,4,13.40,,0.95,1.0,True
blackrock_IVV_statutory_2026-07-31.pdf,2026-07-31,IVV,single,fee_waiver,current,0.0,reported,0.985,False,,,,,,
blackrock_IVV_statutory_2026-07-31.pdf,2026-07-31,IVV,single,gross_expense_ratio,current,0.03,reported,0.985,False,4,0.03%,,0.97,1.0,True
blackrock_IVV_statutory_2026-07-31.pdf,2026-07-31,IVV,single,net_expense_ratio,current,0.03,reported,0.985,False,4,0.03%,,0.97,1.0,True
blackrock_IVV_statutory_2026-07-31.pdf,2026-07-31,IVV,single,total_return_before_tax,10y@2025-12-31,14.78,reported,0.975,False,7,14.78%,,0.95,1.0,True
blackrock_IVV_statutory_2026-07-31.pdf,2026-07-31,IVV,single,total_return_before_tax,1y@2025-12-31,17.85,reported,0.975,False,7,17.85%,,0.95,1.0,True
blackrock_IVV_statutory_2026-07-31.pdf,2026-07-31,IVV,single,total_return_before_tax,5y@2025-12-31,14.39,reported,0.975,False,7,14.39%,,0.95,1.0,True
blackrock_IVV_summary_2026-07-31.pdf,2026-07-31,IVV,single,fee_waiver,current,0.0,reported,0.975,False,,,,,,
blackrock_IVV_summary_2026-07-31.pdf,2026-07-31,IVV,single,gross_expense_ratio,current,0.03,reported,0.975,False,1,0.03%,,0.95,1.0,True
blackrock_IVV_summary_2026-07-31.pdf,2026-07-31,IVV,single,net_expense_ratio,current,0.03,reported,0.975,False,1,0.03%,,0.95,1.0,True
blackrock_IVV_summary_2026-07-31.pdf,2026-07-31,IVV,single,total_return_before_tax,10y@2025-12-31,14.78,reported,0.975,False,5,14.78%,,0.95,1.0,True
blackrock_IVV_summary_2026-07-31.pdf,2026-07-31,IVV,single,total_return_before_tax,1y@2025-12-31,17.85,reported,0.975,False,5,17.85%,,0.95,1.0,True
blackrock_IVV_summary_2026-07-31.pdf,2026-07-31,IVV,single,total_return_before_tax,5y@2025-12-31,14.39,reported,0.975,False,5,14.39%,,0.95,1.0,True
blackrock_IVV_summary_2026-07-31.pdf,2026-07-31,IVV,single,total_return_before_tax,since_inception@2025-12-31,,not_reported,0.25,False,5,<UNKNOWN>,,0.0,0.5,False
davis_NYVTX_summary_2025-12-01.pdf,2025-12-01,NYVTX,a,fee_waiver,current,0.0,reported,0.985,False,,,,,,
davis_NYVTX_summary_2025-12-01.pdf,2025-12-01,NYVTX,c,fee_waiver,current,0.0,reported,0.985,False,,,,,,
davis_NYVTX_summary_2025-12-01.pdf,2025-12-01,NYVTX,r,fee_waiver,current,0.0,reported,0.985,False,,,,,,
davis_NYVTX_summary_2025-12-01.pdf,2025-12-01,NYVTX,y,fee_waiver,current,0.0,reported,0.985,False,,,,,,
davis_NYVTX_summary_2025-12-01.pdf,2025-12-01,NYVTX,a,gross_expense_ratio,current,0.91,reported,0.985,False,1,0.91%,,0.97,1.0,True
davis_NYVTX_summary_2025-12-01.pdf,2025-12-01,NYVTX,c,gross_expense_ratio,current,1.75,reported,0.985,False,1,1.75%,,0.97,1.0,True
davis_NYVTX_summary_2025-12-01.pdf,2025-12-01,NYVTX,r,gross_expense_ratio,current,1.2,reported,0.985,False,1,1.20%,,0.97,1.0,True
davis_NYVTX_summary_2025-12-01.pdf,2025-12-01,NYVTX,y,gross_expense_ratio,current,0.67,reported,0.985,False,1,0.67%,,0.97,1.0,True
davis_NYVTX_summary_2025-12-01.pdf,2025-12-01,NYVTX,a,net_expense_ratio,current,0.91,reported,0.985,False,1,0.91%,,0.97,1.0,True
davis_NYVTX_summary_2025-12-01.pdf,2025-12-01,NYVTX,c,net_expense_ratio,current,1.75,reported,0.985,False,1,1.75%,,0.97,1.0,True
davis_NYVTX_summary_2025-12-01.pdf,2025-12-01,NYVTX,r,net_expense_ratio,current,1.2,reported,0.985,False,1,1.20%,,0.97,1.0,True
davis_NYVTX_summary_2025-12-01.pdf,2025-12-01,NYVTX,y,net_expense_ratio,current,0.67,reported,0.985,False,1,0.67%,,0.97,1.0,True
davis_NYVTX_summary_2025-12-01.pdf,2025-12-01,NYVTX,a,total_return_before_tax,10y@2024-12-31,9.24,reported,0.98,False,3,9.24%,,0.96,1.0,True
davis_NYVTX_summary_2025-12-01.pdf,2025-12-01,NYVTX,a,total_return_before_tax,1y@2024-12-31,11.93,reported,0.98,False,3,11.93%,,0.96,1.0,True
davis_NYVTX_summary_2025-12-01.pdf,2025-12-01,NYVTX,a,total_return_before_tax,5y@2024-12-31,8.52,reported,0.98,False,3,8.52%,,0.96,1.0,True
davis_NYVTX_summary_2025-12-01.pdf,2025-12-01,NYVTX,c,total_return_before_tax,10y@2024-12-31,9.07,reported,0.98,False,3,9.07%,,0.96,1.0,True
davis_NYVTX_summary_2025-12-01.pdf,2025-12-01,NYVTX,c,total_return_before_tax,1y@2024-12-31,15.55,reported,0.98,False,3,15.55%,,0.96,1.0,True
davis_NYVTX_summary_2025-12-01.pdf,2025-12-01,NYVTX,c,total_return_before_tax,5y@2024-12-31,8.66,reported,0.98,False,3,8.66%,,0.96,1.0,True
davis_NYVTX_summary_2025-12-01.pdf,2025-12-01,NYVTX,r,total_return_before_tax,10y@2024-12-31,9.46,reported,0.98,False,3,9.46%,,0.96,1.0,True
davis_NYVTX_summary_2025-12-01.pdf,2025-12-01,NYVTX,r,total_return_before_tax,1y@2024-12-31,17.13,reported,0.98,False,3,17.13%,,0.96,1.0,True
davis_NYVTX_summary_2025-12-01.pdf,2025-12-01,NYVTX,r,total_return_before_tax,5y@2024-12-31,9.28,reported,0.98,False,3,9.28%,,0.96,1.0,True
davis_NYVTX_summary_2025-12-01.pdf,2025-12-01,NYVTX,y,total_return_before_tax,10y@2024-12-31,10.04,reported,0.98,False,3,10.04%,,0.96,1.0,True
davis_NYVTX_summary_2025-12-01.pdf,2025-12-01,NYVTX,y,total_return_before_tax,1y@2024-12-31,17.75,reported,0.98,False,3,17.75%,,0.96,1.0,True
davis_NYVTX_summary_2025-12-01.pdf,2025-12-01,NYVTX,y,total_return_before_tax,5y@2024-12-31,9.83,reported,0.98,False,3,9.83%,,0.96,1.0,True
troweprice_TRBCX_summary_2025-03-01.pdf,2025-03-01,TRBCX,advisor,fee_waiver,current,0.0,reported,0.975,False,,,,,,
troweprice_TRBCX_summary_2025-03-01.pdf,2025-03-01,TRBCX,i,fee_waiver,current,0.0,reported,0.975,False,,,,,,
troweprice_TRBCX_summary_2025-03-01.pdf,2025-03-01,TRBCX,investor,fee_waiver,current,0.0,reported,0.975,False,,,,,,
troweprice_TRBCX_summary_2025-03-01.pdf,2025-03-01,TRBCX,r,fee_waiver,current,0.0,reported,0.975,False,,,,,,
troweprice_TRBCX_summary_2025-03-01.pdf,2025-03-01,TRBCX,z,fee_waiver,current,0.55,reported,0.95,False,,,,,,
troweprice_TRBCX_summary_2025-03-01.pdf,2025-03-01,TRBCX,advisor,gross_expense_ratio,current,0.95,reported,0.975,False,2,0.95,,0.95,1.0,True
troweprice_TRBCX_summary_2025-03-01.pdf,2025-03-01,TRBCX,i,gross_expense_ratio,current,0.57,reported,0.975,False,2,0.57,,0.95,1.0,True
troweprice_TRBCX_summary_2025-03-01.pdf,2025-03-01,TRBCX,investor,gross_expense_ratio,current,0.69,reported,0.975,False,2,0.69,,0.95,1.0,True
troweprice_TRBCX_summary_2025-03-01.pdf,2025-03-01,TRBCX,r,gross_expense_ratio,current,1.21,reported,0.975,False,2,1.21,,0.95,1.0,True
troweprice_TRBCX_summary_2025-03-01.pdf,2025-03-01,TRBCX,z,gross_expense_ratio,current,0.55,reported,0.975,False,2,0.55,,0.95,1.0,True
troweprice_TRBCX_summary_2025-03-01.pdf,2025-03-01,TRBCX,advisor,net_expense_ratio,current,0.95,reported,0.975,False,2,0.95,,0.95,1.0,True
troweprice_TRBCX_summary_2025-03-01.pdf,2025-03-01,TRBCX,i,net_expense_ratio,current,0.57,reported,0.975,False,2,0.57,,0.95,1.0,True
troweprice_TRBCX_summary_2025-03-01.pdf,2025-03-01,TRBCX,investor,net_expense_ratio,current,0.69,reported,0.975,False,2,0.69,,0.95,1.0,True
troweprice_TRBCX_summary_2025-03-01.pdf,2025-03-01,TRBCX,r,net_expense_ratio,current,1.21,reported,0.975,False,2,1.21,,0.95,1.0,True
troweprice_TRBCX_summary_2025-03-01.pdf,2025-03-01,TRBCX,z,net_expense_ratio,current,0.0,reported,0.95,False,2,0.00,,0.9,1.0,True
troweprice_TRBCX_summary_2025-03-01.pdf,2025-03-01,TRBCX,advisor,total_return_before_tax,10y@2024-12-31,14.59,reported,0.965,False,7,14.59,,0.93,1.0,True
troweprice_TRBCX_summary_2025-03-01.pdf,2025-03-01,TRBCX,advisor,total_return_before_tax,1y@2024-12-31,35.27,reported,0.965,False,7,35.27,,0.93,1.0,True
troweprice_TRBCX_summary_2025-03-01.pdf,2025-03-01,TRBCX,advisor,total_return_before_tax,5y@2024-12-31,14.25,reported,0.965,False,7,14.25,,0.93,1.0,True
troweprice_TRBCX_summary_2025-03-01.pdf,2025-03-01,TRBCX,i,total_return_before_tax,10y@2024-12-31,,not_reported,0.95,False,7,—,,0.9,1.0,False
troweprice_TRBCX_summary_2025-03-01.pdf,2025-03-01,TRBCX,i,total_return_before_tax,1y@2024-12-31,35.79,reported,0.965,False,7,35.79,,0.93,1.0,True
troweprice_TRBCX_summary_2025-03-01.pdf,2025-03-01,TRBCX,i,total_return_before_tax,5y@2024-12-31,14.7,reported,0.965,False,7,14.70,,0.93,1.0,True
troweprice_TRBCX_summary_2025-03-01.pdf,2025-03-01,TRBCX,i,total_return_before_tax,since_inception@2024-12-31,15.39,reported,0.965,False,7,15.39,2015-12-17,0.93,1.0,True
troweprice_TRBCX_summary_2025-03-01.pdf,2025-03-01,TRBCX,investor,total_return_before_tax,10y@2024-12-31,14.89,reported,0.965,False,7,14.89 %,,0.93,1.0,True
troweprice_TRBCX_summary_2025-03-01.pdf,2025-03-01,TRBCX,investor,total_return_before_tax,1y@2024-12-31,35.63,reported,0.965,False,7,35.63 %,,0.93,1.0,True
troweprice_TRBCX_summary_2025-03-01.pdf,2025-03-01,TRBCX,investor,total_return_before_tax,5y@2024-12-31,14.55,reported,0.965,False,7,14.55 %,,0.93,1.0,True
troweprice_TRBCX_summary_2025-03-01.pdf,2025-03-01,TRBCX,investor,total_return_before_tax,since_inception@2024-12-31,,not_reported,0.925,False,7,—%,,0.85,1.0,False
troweprice_TRBCX_summary_2025-03-01.pdf,2025-03-01,TRBCX,r,total_return_before_tax,10y@2024-12-31,14.29,reported,0.965,False,7,14.29,,0.93,1.0,True
troweprice_TRBCX_summary_2025-03-01.pdf,2025-03-01,TRBCX,r,total_return_before_tax,1y@2024-12-31,34.92,reported,0.965,False,7,34.92,,0.93,1.0,True
troweprice_TRBCX_summary_2025-03-01.pdf,2025-03-01,TRBCX,r,total_return_before_tax,5y@2024-12-31,13.96,reported,0.965,False,7,13.96,,0.93,1.0,True
troweprice_TRBCX_summary_2025-03-01.pdf,2025-03-01,TRBCX,z,total_return_before_tax,10y@2024-12-31,,not_reported,0.95,False,7,—,,0.9,1.0,False
troweprice_TRBCX_summary_2025-03-01.pdf,2025-03-01,TRBCX,z,total_return_before_tax,1y@2024-12-31,36.57,reported,0.965,False,7,36.57,,0.93,1.0,True
troweprice_TRBCX_summary_2025-03-01.pdf,2025-03-01,TRBCX,z,total_return_before_tax,5y@2024-12-31,,not_reported,0.95,False,7,—,,0.9,1.0,False
troweprice_TRBCX_summary_2025-03-01.pdf,2025-03-01,TRBCX,z,total_return_before_tax,since_inception@2024-12-31,10.37,reported,0.965,False,7,10.37,2021-02-22,0.93,1.0,True
troweprice_TRBCX_summary_2026-03-01.pdf,2026-03-01,TRBCX,advisor,fee_waiver,current,0.0,reported,0.975,False,,,,,,
troweprice_TRBCX_summary_2026-03-01.pdf,2026-03-01,TRBCX,i,fee_waiver,current,0.0,reported,0.975,False,,,,,,
troweprice_TRBCX_summary_2026-03-01.pdf,2026-03-01,TRBCX,investor,fee_waiver,current,0.0,reported,0.975,False,,,,,,
troweprice_TRBCX_summary_2026-03-01.pdf,2026-03-01,TRBCX,r,fee_waiver,current,0.0,reported,0.975,False,,,,,,
troweprice_TRBCX_summary_2026-03-01.pdf,2026-03-01,TRBCX,z,fee_waiver,current,0.55,reported,0.975,False,,,,,,
troweprice_TRBCX_summary_2026-03-01.pdf,2026-03-01,TRBCX,advisor,gross_expense_ratio,current,0.96,reported,0.985,False,2,0.96,,0.97,1.0,True
troweprice_TRBCX_summary_2026-03-01.pdf,2026-03-01,TRBCX,i,gross_expense_ratio,current,0.57,reported,0.985,False,2,0.57,,0.97,1.0,True
troweprice_TRBCX_summary_2026-03-01.pdf,2026-03-01,TRBCX,investor,gross_expense_ratio,current,0.7,reported,0.985,False,2,0.70,,0.97,1.0,True
troweprice_TRBCX_summary_2026-03-01.pdf,2026-03-01,TRBCX,r,gross_expense_ratio,current,1.21,reported,0.985,False,2,1.21,,0.97,1.0,True
troweprice_TRBCX_summary_2026-03-01.pdf,2026-03-01,TRBCX,z,gross_expense_ratio,current,0.55,reported,0.975,False,2,0.55,,0.95,1.0,True
troweprice_TRBCX_summary_2026-03-01.pdf,2026-03-01,TRBCX,advisor,net_expense_ratio,current,0.96,reported,0.975,False,2,0.96,,0.95,1.0,True
troweprice_TRBCX_summary_2026-03-01.pdf,2026-03-01,TRBCX,i,net_expense_ratio,current,0.57,reported,0.975,False,2,0.57,,0.95,1.0,True
troweprice_TRBCX_summary_2026-03-01.pdf,2026-03-01,TRBCX,investor,net_expense_ratio,current,0.7,reported,0.975,False,2,0.70,,0.95,1.0,True
troweprice_TRBCX_summary_2026-03-01.pdf,2026-03-01,TRBCX,r,net_expense_ratio,current,1.21,reported,0.975,False,2,1.21,,0.95,1.0,True
troweprice_TRBCX_summary_2026-03-01.pdf,2026-03-01,TRBCX,z,net_expense_ratio,current,0.0,reported,0.975,False,2,0.00,,0.95,1.0,True
troweprice_TRBCX_summary_2026-03-01.pdf,2026-03-01,TRBCX,advisor,total_return_before_tax,10y@2025-12-31,15.35,reported,0.965,False,7,15.35,,0.93,1.0,True
troweprice_TRBCX_summary_2026-03-01.pdf,2026-03-01,TRBCX,advisor,total_return_before_tax,1y@2025-12-31,18.47,reported,0.965,False,7,18.47,,0.93,1.0,True
troweprice_TRBCX_summary_2026-03-01.pdf,2026-03-01,TRBCX,advisor,total_return_before_tax,5y@2025-12-31,11.41,reported,0.965,False,7,11.41,,0.93,1.0,True
troweprice_TRBCX_summary_2026-03-01.pdf,2026-03-01,TRBCX,i,total_return_before_tax,10y@2025-12-31,15.81,reported,0.965,False,7,15.81,,0.93,1.0,True
troweprice_TRBCX_summary_2026-03-01.pdf,2026-03-01,TRBCX,i,total_return_before_tax,1y@2025-12-31,18.94,reported,0.965,False,7,18.94,,0.93,1.0,True
troweprice_TRBCX_summary_2026-03-01.pdf,2026-03-01,TRBCX,i,total_return_before_tax,5y@2025-12-31,11.85,reported,0.965,False,7,11.85,,0.93,1.0,True
troweprice_TRBCX_summary_2026-03-01.pdf,2026-03-01,TRBCX,investor,total_return_before_tax,10y@2025-12-31,15.66,reported,0.975,False,7,15.66 %,,0.95,1.0,True
troweprice_TRBCX_summary_2026-03-01.pdf,2026-03-01,TRBCX,investor,total_return_before_tax,1y@2025-12-31,18.78,reported,0.975,False,7,18.78 %,,0.95,1.0,True
troweprice_TRBCX_summary_2026-03-01.pdf,2026-03-01,TRBCX,investor,total_return_before_tax,5y@2025-12-31,11.7,reported,0.975,False,7,11.70 %,,0.95,1.0,True
troweprice_TRBCX_summary_2026-03-01.pdf,2026-03-01,TRBCX,r,total_return_before_tax,10y@2025-12-31,15.05,reported,0.965,False,7,15.05,,0.93,1.0,True
troweprice_TRBCX_summary_2026-03-01.pdf,2026-03-01,TRBCX,r,total_return_before_tax,1y@2025-12-31,18.16,reported,0.965,False,7,18.16,,0.93,1.0,True
troweprice_TRBCX_summary_2026-03-01.pdf,2026-03-01,TRBCX,r,total_return_before_tax,5y@2025-12-31,11.12,reported,0.965,False,7,11.12,,0.93,1.0,True
troweprice_TRBCX_summary_2026-03-01.pdf,2026-03-01,TRBCX,z,total_return_before_tax,1y@2025-12-31,19.62,reported,0.965,False,7,19.62,,0.93,1.0,True
troweprice_TRBCX_summary_2026-03-01.pdf,2026-03-01,TRBCX,z,total_return_before_tax,since_inception@2025-12-31,12.22,reported,0.965,False,7,12.22,2021-02-22,0.93,1.0,True
vanguard_VWELX_statutory_2026-03-27.pdf,2026-05-20,VWELX,admiral,fee_waiver,current,0.0,reported,0.985,False,,,,,,
vanguard_VWELX_statutory_2026-03-27.pdf,2026-05-20,VWELX,investor,fee_waiver,current,0.0,reported,0.985,False,,,,,,
vanguard_VWELX_statutory_2026-03-27.pdf,2026-05-20,VWELX,admiral,gross_expense_ratio,current,0.16,reported,0.985,False,4,0.16%,,0.97,1.0,True
vanguard_VWELX_statutory_2026-03-27.pdf,2026-05-20,VWELX,investor,gross_expense_ratio,current,0.24,reported,0.985,False,4,0.24%,,0.97,1.0,True
vanguard_VWELX_statutory_2026-03-27.pdf,2026-05-20,VWELX,admiral,net_expense_ratio,current,0.16,reported,0.985,False,4,0.16%,,0.97,1.0,True
vanguard_VWELX_statutory_2026-03-27.pdf,2026-05-20,VWELX,investor,net_expense_ratio,current,0.24,reported,0.985,False,4,0.24%,,0.97,1.0,True
vanguard_VWELX_statutory_2026-03-27.pdf,2026-05-20,VWELX,admiral,total_return_before_tax,10y@2025-12-31,10.1,reported,0.975,False,9,10.10%,,0.95,1.0,True
vanguard_VWELX_statutory_2026-03-27.pdf,2026-05-20,VWELX,admiral,total_return_before_tax,1y@2025-12-31,16.57,reported,0.975,False,9,16.57%,,0.95,1.0,True
vanguard_VWELX_statutory_2026-03-27.pdf,2026-05-20,VWELX,admiral,total_return_before_tax,5y@2025-12-31,9.37,reported,0.975,False,9,9.37%,,0.95,1.0,True
vanguard_VWELX_statutory_2026-03-27.pdf,2026-05-20,VWELX,investor,total_return_before_tax,10y@2025-12-31,10.02,reported,0.975,False,9,10.02%,,0.95,1.0,True
vanguard_VWELX_statutory_2026-03-27.pdf,2026-05-20,VWELX,investor,total_return_before_tax,1y@2025-12-31,16.48,reported,0.975,False,9,16.48%,,0.95,1.0,True
vanguard_VWELX_statutory_2026-03-27.pdf,2026-05-20,VWELX,investor,total_return_before_tax,5y@2025-12-31,9.28,reported,0.975,False,9,9.28%,,0.95,1.0,True
vanguard_VWELX_summary_2026-03-27.pdf,2026-03-27,VWELX,admiral,fee_waiver,current,0.0,reported,0.985,False,,,,,,
vanguard_VWELX_summary_2026-03-27.pdf,2026-03-27,VWELX,investor,fee_waiver,current,0.0,reported,0.985,False,,,,,,
vanguard_VWELX_summary_2026-03-27.pdf,2026-03-27,VWELX,admiral,gross_expense_ratio,current,0.16,reported,0.985,False,2,0.16%,,0.97,1.0,True
vanguard_VWELX_summary_2026-03-27.pdf,2026-03-27,VWELX,investor,gross_expense_ratio,current,0.24,reported,0.985,False,2,0.24%,,0.97,1.0,True
vanguard_VWELX_summary_2026-03-27.pdf,2026-03-27,VWELX,admiral,net_expense_ratio,current,0.16,reported,0.985,False,2,0.16%,,0.97,1.0,True
vanguard_VWELX_summary_2026-03-27.pdf,2026-03-27,VWELX,investor,net_expense_ratio,current,0.24,reported,0.985,False,2,0.24%,,0.97,1.0,True
vanguard_VWELX_summary_2026-03-27.pdf,2026-03-27,VWELX,admiral,total_return_before_tax,10y@2025-12-31,10.1,reported,0.985,False,7,10.10%,,0.97,1.0,True
vanguard_VWELX_summary_2026-03-27.pdf,2026-03-27,VWELX,admiral,total_return_before_tax,1y@2025-12-31,16.57,reported,0.985,False,7,16.57%,,0.97,1.0,True
vanguard_VWELX_summary_2026-03-27.pdf,2026-03-27,VWELX,admiral,total_return_before_tax,5y@2025-12-31,9.37,reported,0.985,False,7,9.37%,,0.97,1.0,True
vanguard_VWELX_summary_2026-03-27.pdf,2026-03-27,VWELX,investor,total_return_before_tax,10y@2025-12-31,10.02,reported,0.985,False,7,10.02%,,0.97,1.0,True
vanguard_VWELX_summary_2026-03-27.pdf,2026-03-27,VWELX,investor,total_return_before_tax,1y@2025-12-31,16.48,reported,0.985,False,7,16.48%,,0.97,1.0,True
vanguard_VWELX_summary_2026-03-27.pdf,2026-03-27,VWELX,investor,total_return_before_tax,5y@2025-12-31,9.28,reported,0.985,False,7,9.28%,,0.97,1.0,True
statestreet_XLC_statutory_2026-01-31.pdf,2026-01-31,XLC,single,fee_waiver,current,0.0,reported,0.985,False,,,,,,
statestreet_XLC_statutory_2026-01-31.pdf,2026-01-31,XLC,single,gross_expense_ratio,current,0.08,reported,0.985,False,5,0.08%,,0.97,1.0,True
statestreet_XLC_statutory_2026-01-31.pdf,2026-01-31,XLC,single,net_expense_ratio,current,0.08,reported,0.985,False,5,0.08%,,0.97,1.0,True
statestreet_XLC_statutory_2026-01-31.pdf,2026-01-31,XLC,single,total_return_before_tax,1y@2025-12-31,23.1,reported,0.985,False,11,23.10%,,0.97,1.0,True
statestreet_XLC_statutory_2026-01-31.pdf,2026-01-31,XLC,single,total_return_before_tax,5y@2025-12-31,12.85,reported,0.985,False,11,12.85%,,0.97,1.0,True
statestreet_XLC_statutory_2026-01-31.pdf,2026-01-31,XLC,single,total_return_before_tax,since_inception@2025-12-31,13.1,reported,0.98,False,11,13.10%,2018-06-18,0.96,1.0,True
statestreet_XLC_statutory_2026-01-31.pdf,2026-01-31,XLK,single,fee_waiver,current,0.0,reported,0.975,False,,,,,,
statestreet_XLC_statutory_2026-01-31.pdf,2026-01-31,XLK,single,gross_expense_ratio,current,0.08,reported,0.975,False,79,0.08%,,0.95,1.0,True
statestreet_XLC_statutory_2026-01-31.pdf,2026-01-31,XLK,single,net_expense_ratio,current,0.08,reported,0.975,False,79,0.08%,,0.95,1.0,True
statestreet_XLC_statutory_2026-01-31.pdf,2026-01-31,XLK,single,total_return_before_tax,10y@2025-12-31,22.34,reported,0.975,False,85,22.34%,,0.95,1.0,True
statestreet_XLC_statutory_2026-01-31.pdf,2026-01-31,XLK,single,total_return_before_tax,1y@2025-12-31,24.6,reported,0.975,False,85,24.60%,,0.95,1.0,True
statestreet_XLC_statutory_2026-01-31.pdf,2026-01-31,XLK,single,total_return_before_tax,5y@2025-12-31,18.11,reported,0.975,False,85,18.11%,,0.95,1.0,True
statestreet_XLK_summary_2026-01-31.pdf,2026-01-31,XLK,single,fee_waiver,current,0.0,reported,0.985,False,,,,,,
statestreet_XLK_summary_2026-01-31.pdf,2026-01-31,XLK,single,gross_expense_ratio,current,0.08,reported,0.985,False,1,0.08%,,0.97,1.0,True
statestreet_XLK_summary_2026-01-31.pdf,2026-01-31,XLK,single,net_expense_ratio,current,0.08,reported,0.985,False,1,0.08%,,0.97,1.0,True
statestreet_XLK_summary_2026-01-31.pdf,2026-01-31,XLK,single,total_return_before_tax,10y@2025-12-31,22.34,reported,0.985,False,4,22.34%,,0.97,1.0,True
statestreet_XLK_summary_2026-01-31.pdf,2026-01-31,XLK,single,total_return_before_tax,1y@2025-12-31,24.6,reported,0.985,False,4,24.60%,,0.97,1.0,True
statestreet_XLK_summary_2026-01-31.pdf,2026-01-31,XLK,single,total_return_before_tax,5y@2025-12-31,18.11,reported,0.985,False,4,18.11%,,0.97,1.0,True
statestreet_XLC_statutory_2026-01-31.pdf,2026-01-31,XLU,single,fee_waiver,current,0.0,reported,0.975,False,,,,,,
statestreet_XLC_statutory_2026-01-31.pdf,2026-01-31,XLU,single,gross_expense_ratio,current,0.08,reported,0.975,False,87,0.08%,,0.95,1.0,True
statestreet_XLC_statutory_2026-01-31.pdf,2026-01-31,XLU,single,net_expense_ratio,current,0.08,reported,0.975,False,87,0.08%,,0.95,1.0,True
statestreet_XLC_statutory_2026-01-31.pdf,2026-01-31,XLU,single,total_return_before_tax,10y@2025-12-31,10.48,reported,0.975,False,94,10.48%,,0.95,1.0,True
statestreet_XLC_statutory_2026-01-31.pdf,2026-01-31,XLU,single,total_return_before_tax,1y@2025-12-31,16.01,reported,0.975,False,94,16.01%,,0.95,1.0,True
statestreet_XLC_statutory_2026-01-31.pdf,2026-01-31,XLU,single,total_return_before_tax,5y@2025-12-31,9.64,reported,0.975,False,94,9.64%,,0.95,1.0,True
